{
	"PS-WGWFr": 2742.200000000001,
	"PS-WGWSa": 84.29,
	"PS-WSWFr": 3472.2299999999996,
	"PS-WSWSa": 0,
	"DO-WGWFr": 142.47000000000003,
	"DO-WSWFr": 29.44999999999999,
	"IN-WGWFr": 399.2699999999999,
	"IN-WGWSa": 0,
	"IN-WSWFr": 1.1300000000000001,
	"IN-WSWSa": 0,
	"IR-WGWFr": 8685.98,
	"IR-WSWFr": 14370.509999999995,
	"IR-IrSpr": 1792.5000000000005,
	"IR-IrMic": 2892.8500000000004,
	"IR-IrSur": 5665.98,
	"IC-WGWFr": 8553.369999999999,
	"IC-WSWFr": 14290.059999999992,
	"IC-IrSpr": 1701.2500000000002,
	"IC-IrMic": 2892.8500000000004,
	"IC-IrSur": 5665.98,
	"IG-WGWFr": 132.61000000000004,
	"IG-WSWFr": 80.44999999999996,
	"IG-IrSpr": 91.25000000000003,
	"IG-IrMic": 0,
	"IG-IrSur": 0,
	"LI-WGWFr": 84.41,
	"LI-WSWFr": 103.38,
	"AQ-WGWFr": 171.22000000000003,
	"AQ-WGWSa": 0,
	"AQ-WSWFr": 802.1199999999999,
	"AQ-WSWSa": 0,
	"MI-WGWFr": 24.119999999999994,
	"MI-WGWSa": 236.00000000000003,
	"MI-WSWFr": 12.25,
	"MI-WSWSa": 0.05,
	"PT-WGWFr": 33.14,
	"PT-WGWSa": 48.45,
	"PT-WSWFr": 32.22,
	"PT-WSWSa": 6487.29,
	"PO-WGWFr": 0.73,
	"PO-WGWSa": 0,
	"PO-WSWFr": 0,
	"PO-WSWSa": 6486.249999999999,
	"PC-WGWFr": 32.41000000000001,
	"PC-WGWSa": 48.45,
	"PC-WSWFr": 32.22,
	"PC-WSWSa": 1.04
}